x;y
6.390307636032999881e+02;4.672302300718999959e+02
6.121759508571000197e+02;4.943166877396000132e+02
6.333923676580000119e+02;5.349398453712000219e+02
6.566943525584999861e+02;5.581109593508999751e+02
6.589133693395000364e+02;5.839575181023000141e+02
6.343178678420000551e+02;6.128291643193999789e+02
5.881968537448000234e+02;5.805946976920999987e+02
5.793265539687999990e+02;6.010359410602000025e+02
5.576070707572999936e+02;5.953185092280999697e+02
5.310291024509000408e+02;6.123874827889000017e+02
5.629048787837999726e+02;6.700382113114000049e+02
4.848029663387999904e+02;6.770730379435999566e+02
4.864648554867000030e+02;5.930429937016000395e+02
4.322642292250999958e+02;6.294092661116000045e+02
3.956913876594999806e+02;6.995376048429000093e+02
3.547242881504000138e+02;6.854045361900000444e+02
3.529658562600000096e+02;6.667873101942000176e+02
1.936611295657000085e+02;6.697432521028000565e+02
1.765941623791999859e+02;6.485239953299000035e+02
2.123725077441999929e+02;5.949216893412999525e+02
3.423579873647000227e+02;5.993880182607999814e+02
3.224224566559000209e+02;5.503165478232999703e+02
3.431693707669999753e+02;5.093123571314999936e+02
2.995881370079999897e+02;5.305889619020000509e+02
2.555566183120999995e+02;4.488651882441999987e+02
2.167010817132999989e+02;4.664816410994999956e+02
1.978969269840000038e+02;5.123888960980000320e+02
1.897506224400000008e+02;4.603815233616999762e+02
1.446002949996000098e+02;4.574224283926000112e+02
1.414507014378999941e+02;4.852477927763000025e+02
1.414875865042000100e+02;5.048184855709999965e+02
1.046531165914000070e+02;4.828224768782999945e+02
1.186631474020999946e+02;5.087129103929000280e+02
1.127478815786000013e+02;5.294177578259999564e+02
1.018685605377000059e+02;6.350986850179999692e+02
1.430606355346999976e+02;6.317200953922999815e+02
4.253314416660000319e+01;6.563645162886000435e+02
7.263298566710000159e+01;6.457852219213000353e+02
5.975373727259999868e+01;5.516321886765000500e+02
4.991867864550000178e+01;5.414350825348999479e+02
3.743935166909999879e+01;5.412090699417999531e+02
5.877669883629999958e+01;5.071712386831999879e+02
2.264710359060000044e+01;5.262470392815999958e+02
1.002609501429999916e+01;4.889310558281999874e+02
2.276427037439999879e+01;4.555340094036999972e+02
5.452489803870000173e+01;4.385515408430999855e+02
7.946534525299999530e+01;4.459641737689000252e+02
8.846775003960000561e+01;3.840507209274999809e+02
9.878990365919999306e+01;3.845926031157999887e+02
3.813123382269999695e+01;3.531484581780999861e+02
4.368920455159999960e+01;3.054722789164999881e+02
4.807981240689999680e+01;2.709680673720000073e+02
5.601995676690000181e+01;2.430663818381999874e+02
1.736326126020000160e+01;2.402407068507999952e+02
1.521457651060000060e+01;1.430441928532000020e+02
5.344180810649999813e+01;1.314849013650000131e+02
7.027227032730000644e+01;7.792270264329999918e+01
5.941632654819999715e+01;4.012802344419999656e+01
6.623081466099999659e+01;2.413173876040000110e+01
8.774945627649999835e+01;1.961701290819999954e+01
9.158475567239999293e+01;1.100203007516000042e+02
9.164676477240000452e+01;1.663541158399999915e+02
9.773591463469999496e+01;1.574558657631999949e+02
1.178624507480000005e+02;1.129796833704999983e+02
1.382440514420999875e+02;1.371679919734999942e+02
2.207044919296999979e+02;2.700819745721000231e+02
2.408251726391000034e+02;2.815141437199999928e+02
2.469281323056999895e+02;3.224613321159999941e+02
2.243182715499999915e+02;3.124677490414999852e+02
1.921186059947999922e+02;3.141839922798000089e+02
1.414039286509000135e+02;2.284325551487999917e+02
1.356377085256000044e+02;3.258409901554999806e+02
1.309237737024000126e+02;3.511491733079000142e+02
1.723088330829999961e+02;3.443963466366000148e+02
2.288325218994000068e+02;4.104461939615000006e+02
2.823036243108999770e+02;4.268380500923000227e+02
2.830054378872000029e+02;3.764439530184000091e+02
2.693669098584999801e+02;3.674763636537999787e+02
3.589170574484999747e+02;4.044670352897999805e+02
3.504245639660999814e+02;4.206531186834999971e+02
3.906972811808000188e+02;4.239774318385000242e+02
3.985504365580000012e+02;3.926493259143999808e+02
3.816537300653000102e+02;3.603337602784999945e+02
3.783484559418000117e+02;2.722907677146999958e+02
2.994812851799999862e+02;2.518295121319999907e+02
3.152926064118000227e+02;2.732275475578999817e+02
2.788710882619000131e+02;2.999308770828000092e+02
2.715042718991999777e+02;2.252921989971999892e+02
2.827865258764999794e+02;2.298001556188999928e+02
3.343508329709999884e+02;1.537969238039999880e+02
3.523140807211000265e+02;1.403273323662000109e+02
3.342748764382999980e+02;1.521494569394000109e+02
2.977912565664000226e+02;1.663131886802999873e+02
3.084345709739999961e+02;1.152054269846999972e+02
2.490589749341999948e+02;7.665951125990000037e+01
2.399045383694999884e+02;1.026297653390000022e+02
2.104163247003999970e+02;1.307151137038000002e+02
1.465389000906999968e+02;3.942317943380000145e+01
1.924067320506999863e+02;2.043940593099999958e+01
2.597095810385000050e+02;1.061999258850000061e+01
3.038379894830999888e+02;2.105260637900000020e+01
3.567098388794000243e+02;6.764771317119999594e+01
3.975586634022999988e+02;7.475883877649999931e+01
5.002566898238999897e+02;6.491363934890000564e+01
4.948592427416999726e+02;1.481217856389000076e+02
3.982298999898999909e+02;1.195576573860000025e+02
3.975586451388999762e+02;2.313591208928000071e+02
4.150258357431999912e+02;2.333045376117999865e+02
4.004070255527000199e+02;2.536794479996999883e+02
4.365194739944000162e+02;2.829356456070000263e+02
5.066191384007000238e+02;2.330022156093999968e+02
5.003825200225999765e+02;1.987428378321999958e+02
5.303626972076000357e+02;1.376881275684000059e+02
5.472662016307000385e+02;1.616589278401000058e+02
5.958360732590000453e+02;8.181300513559999388e+01
5.582008003726000425e+02;4.198814511999999777e-01
6.497313216456000191e+02;6.233315752819999744e+01
6.232487161300999787e+02;6.918928508400000510e+01
6.354970237093000378e+02;1.333225902609000002e+02
6.973881696596999973e+02;1.803962284275000059e+02
6.909658585946999665e+02;1.345793307202999927e+02
6.615588724307999655e+02;2.170456944476999865e+02
6.599124120146999530e+02;2.266284156238999969e+02
6.309230074073000196e+02;2.303429888130000052e+02
6.084256112402000554e+02;2.225421309271999917e+02
5.944048565020999604e+02;2.758741868989999944e+02
5.657853781464000349e+02;2.823858748974000150e+02
6.166547902644000487e+02;3.393409309406999910e+02
5.783805347585999925e+02;3.213303494537000233e+02
5.364894189737999568e+02;2.872279085051000038e+02
4.711014312410000002e+02;3.142219307578999974e+02
4.572628632528000026e+02;3.500164047375999985e+02
4.757345905802000061e+02;3.857844618897000259e+02
4.883117994039999985e+02;4.374869439948000149e+02
4.758975387047000254e+02;4.685392706316999920e+02
3.967741299332000153e+02;4.607557115283000257e+02
3.961274792588000082e+02;5.394648066027000368e+02
4.614114714423000123e+02;5.305254969413000481e+02
4.988065475299000013e+02;5.762102674607999688e+02
5.590157105844000398e+02;5.608866941410999516e+02
5.712189680146999535e+02;5.302616991529999950e+02
5.307320005440999466e+02;5.040670155336999869e+02
5.374663680493999891e+02;4.725842276692000041e+02
5.651617825137000182e+02;4.291598152874000220e+02
5.908939720560000524e+02;3.707414913741999953e+02
5.984162993909000079e+02;4.145557574274999979e+02
6.299980812185999639e+02;4.334548164038000095e+02
6.610513901701999657e+02;4.459375182114999916e+02
6.728618339396000465e+02;4.328826409629999716e+02
6.899451267255999483e+02;4.685354998742000134e+02
